Title,year
Incredibles 2,2018
Finding Dory,2016
Frozen II,2019
Shrek 2,2004
Toy Story 4,2019
Toy Story 3,2010
Jumanji: Welcome to the Jungle,2017
Frozen,I 2013
Guardians of the Galaxy Vol. 2,2017
Finding Nemo,2003
The Secret Life of Pets,2016
Despicable Me 2,2013
Deadpool,2016
Inside Out,I 2015
Aladdin,2019
Zootopia,2016
Minions,2015
Guardians of the Galaxy,2014
Deadpool 2,2018
Shrek the Third,2007
Jumanji: The Next Level,2019
Thor: Ragnarok,2017
Up,2009
"Monsters, Inc.",2001
Home Alone,1990
Meet the Fockers,2004
The Hangover,2009
The Grinch,2018
Sing,2016
Monsters University,2013
Shrek,2001
Despicable Me 3,2017
How the Grinch Stole Christmas,2000
The Lego Movie,2014
The Hangover Part II,2011
Despicable Me,2010
Night at the Museum,2006
Men in Black,1997
Moana,I 2016
Toy Story 2,1999
Cars,2006
Bruce Almighty,2003
My Big Fat Greek Wedding,2002
Ghostbusters,1984
Shrek Forever After,2010
Brave,2012
Beverly Hills Cop,1984
Rush Hour 2,2001
Big Hero 6,2014
Alvin and the Chipmunks: The Squeakquel,2009
Mrs. Doubtfire,1993
Ted,2012
How to Train Your Dragon,2010
Aladdin,1992
Alvin and the Chipmunks,2007
Ant-Man and the Wasp,2018
Madagascar 3: Europe's Most Wanted,2012
Kung Fu Panda,2008
The Lorax,2012
Austin Powers in Goldmember,2002
Back to the Future,1985
Coco,I 2017
Wedding Crashers,2005
Charlie and the Chocolate Factory,2005
Ratatouille,2007
Bad Boys for Life,2020
Austin Powers: The Spy Who Shagged Me,1999
Ralph Breaks the Internet,2018
Tangled,2010
Monsters vs. Aliens,2009
Happy Feet,2006
Ice Age: Dawn of the Dinosaurs,2009
Ice Age: The Meltdown,2006
Madagascar,2005
Toy Story,1995
22 Jump Street,2014
Cars 2,2011
Teenage Mutant Ninja Turtles,2014
Men in Black II,2002
Spider-Man: Into the Spider-Verse,2018
Wreck-It Ralph,2012
Grease,1978
The Croods,2013
Mr. & Mrs. Smith,2005
Pitch Perfect 2,2015
The Polar Express,2004
The Simpsons Movie,2007
What Women Want,2000
Liar Liar,1997
Ant-Man,2015
Madagascar: Escape 2 Africa,2008
Hitch,I 2005
Men in Black 3,2012
Pretty Woman,1990
Home,II 2015
Night at the Museum: Battle of the Smithsonian,2009
Tootsie,1982
How to Train Your Dragon 2,2014
There's Something About Mary,1998
Ice Age,2002
The Lego Batman Movie,2017
The Boss Baby,2017
Crocodile Dundee,1986
Crazy Rich Asians,2018
Home Alone 2: Lost in New York,1992
Elf,2003
Mary Poppins Returns,2018
Tarzan,1999
Chicago,2002
Hotel Transylvania 2,2015
Bridesmaids,I 2011
Wild Hogs,2007
Three Men and a Baby,1987
Hotel Transylvania 3: Summer Vacation,2018
Meet the Parents,2000
Knives Out,2019
Kung Fu Panda 2,2011
The Proposal,I 2009
Big Daddy,1999
The SpongeBob Movie: Sponge Out of Water,2015
A Bug's Life,1998
Grown Ups,I 2010
The Waterboy,1998
Ice Age: Continental Drift,2012
Shark Tale,2004
How to Train Your Dragon: The Hidden World,2019
The Sting,1973
The Heat,I 2013
The Secret Life of Pets 2,2019
The Longest Yard,2005
Scary Movie,2000
Who Framed Roger Rabbit,1988
Over the Hedge,2006
Horton Hears a Who!,2008
Jerry Maguire,1996
Trolls,2016
Beverly Hills Cop II,1987
Scooby-Doo,2002
Cars 3,2017
Sex and the City,2008
Runaway Bride,1999
La La Land,2016
We're the Millers,2013
Daddy's Home,2015
Neighbors,I 2014
Puss in Boots,2011
Sonic the Hedgehog,2020
Knocked Up,2007
As Good as It Gets,1997
Megamind,2010
Little Fockers,2010
Hotel Transylvania,2012
Talladega Nights: The Ballad of Ricky Bobby,2006
Gremlins,1984
True Lies,1994
Lilo & Stitch,2002
American Pie 2,2001
One Hundred and One Dalmatians,1961
The Santa Clause,1994
Doctor Dolittle,1998
Mamma Mia!,2008
Pokémon Detective Pikachu,2019
Rio,2011
Kung Fu Panda 3,2016
Juno,2007
Marley & Me,2008
The Smurfs,2011
Once Upon a Time... In Hollywood,2019
The Jungle Book,1967
Rush Hour,1998
Shazam!,2019
Ocean's Eight,2018
Rush Hour 3,2007
Look Who's Talking,1989
Stuart Little,1999
The Rocky Horror Picture Show,1975
Sister Act,1992
The Santa Clause 2,2002
Cheaper by the Dozen,2003
Bad Boys II,2003
21 Jump Street,2012
A Christmas Carol,2009
Click,2006
101 Dalmatians,1996
Anger Management,2003
Chicken Little,2005
Teenage Mutant Ninja Turtles,1990
Patch Adams,1998
Ride Along,2014
Identity Thief,2013
Grown Ups 2,2013
Alvin and the Chipmunks: Chipwrecked,2011
Bringing Down the House,2003
Silver Linings Playbook,2012
Rio 2,2014
"Honey, I Shrunk the Kids",1989
The Flintstones,1994
Get Smart,2008
The Peanuts Movie,2015
The Nutty Professor,1996
Borat: Cultural Learnings of America for Make Benefit Glorious Nation of Kazakhstan,2006
Ghostbusters: Answer the Call,2016
Kingsman: The Secret Service,2014
Robots,2005
Coming to America,1988
Into the Woods,2014
Enchanted,2007
Central Intelligence,2016
Anchorman 2: The Legend Continues,2013
Sweet Home Alabama,2002
Dumb and Dumber,1994
My Best Friend's Wedding,1997
Smokey and the Bandit,1977
Bee Movie,2007
Sleepless in Seattle,1993
Mr. Deeds,2002
The Truman Show,1998
Charlie's Angels,2000
Cloudy with a Chance of Meatballs,2009
The Devil Wears Prada,2006
Something's Gotta Give,2003
The Birdcage,1996
City Slickers,1991
"Good Morning, Vietnam",1987
Rango,2011
Nutty Professor II: The Klumps,2000
The Good Dinosaur,2015
Wayne's World,1992
Free Guy,2021
Superbad,2007
50 First Dates,2004
Mamma Mia! Here We Go Again,2018
Mulan,1998
Four Christmases,2008
I Now Pronounce You Chuck & Larry,2007
The Mask,1994
Cloudy with a Chance of Meatballs 2,2013
Hook,1991
Blazing Saddles,1974
G-Force,2009
The Other Guys,2010
Hairspray,2007
The Break-Up,2006
A Series of Unfortunate Events,2004
Blades of Glory,2007
Back to the Future Part II,1989
Big Momma's House,2000
Horrible Bosses,2011
The Wolf of Wall Street,2013
Notting Hill,1999
The Lion King,2019
Beauty and the Beast,I 2017
E.T. the Extra-Terrestrial,1982
The Lion King,1994
The Jungle Book,2016
Alice in Wonderland,I 2010
Harry Potter and the Sorcerer's Stone,2001
Harry Potter and the Half-Blood Prince,2009
Harry Potter and the Deathly Hallows: Part 1,2010
Harry Potter and the Order of the Phoenix,2007
"The Chronicles of Narnia: The Lion, the Witch and the Wardrobe",2005
Harry Potter and the Goblet of Fire,2005
Harry Potter and the Chamber of Secrets,2002
The Incredibles,2004
Harry Potter and the Prisoner of Azkaban,2004
Maleficent,2014
Oz the Great and Powerful,2013
Fantastic Beasts and Where to Find Them,2016
WALL·E,2008
Beauty and the Beast,1991
Cinderella,I 2015
Snow White and the Seven Dwarfs,1937
The Karate Kid,2010
The Sound of Music,1965
Fantastic Beasts: The Crimes of Grindelwald,2018
The Chronicles of Narnia: Prince Caspian,2008
Pocahontas,I 1995
Dinosaur,2000
Wonder,I 2017
The Last Airbender,2010
Peter Rabbit,2018
The Karate Kid Part II,1986
Dumbo,2019
Bolt,2008
Maleficent: Mistress of Evil,2019
Night at the Museum: Secret of the Tomb,2014
The Pacifier,2005
Dr. Dolittle 2,2001
Spy Kids,2001
Spy Kids 3: Game Over,2003
The Little Mermaid,1989
Mr. Peabody & Sherman,2014
Freaky Friday,2003
Bedtime Stories,2008
The Princess Diaries,2001
Hop,2011
Epic,2013
Angry Birds,2016
Chicken Run,2000
The Lego Movie 2: The Second Part,2019
George of the Jungle,1997
The Princess and the Frog,2009
The Chronicles of Narnia: The Voyage of the Dawn Treader,2010
Daddy Day Care,2003
Journey 2: The Mysterious Island,2012
Rise of the Guardians,2012
Bambi,1942
Mary Poppins,1964
Journey to the Center of the Earth,2008
The Prince of Egypt,1998
The Cat in the Hat,2003
A Wrinkle in Time,2018
Jumanji,1995
Evan Almighty,2007
Casper,1995
The Hunchback of Notre Dame,1996
The Addams Family,2019
Gnomeo & Juliet,2011
Christopher Robin,2018
Hercules,1997
Meet the Robinsons,2007
Inspector Gadget,1999
The Princess Diaries 2: Royal Engagement,2004
The Ten Commandments,1956
Lady and the Tramp,1955
Tomorrowland,2015
Cats & Dogs,2001
Flubber,1997
Heaven Is for Real,2014
The Karate Kid,1984
Antz,1998
The Game Plan,2007
High School Musical 3: Senior Year,2008
Space Jam,1996
Planes,2013
Father of the Bride,1991
The Emperor's New Groove,2000
Percy Jackson & the Olympians: The Lightning Thief,2010
The Muppets,2011
Peter Pan,1953
Miss Peregrine's Home for Peculiar Children,2016
The Emoji Movie,2017
Annie,2014
Spy Kids 2: Island of Lost Dreams,2002
Pokémon: The First Movie - Mewtwo Strikes Back,1998
The SpongeBob SquarePants Movie,2004
Brother Bear,2003
Open Season,2006
Cinderella,1950
The Santa Clause 3: The Escape Clause,2006
Ferdinand,2017
Pinocchio,1940
Scooby-Doo 2: Monsters Unleashed,2004
Atlantis: The Lost Empire,2001
Penguins of Madagascar,2014
Smallfoot,2018
Turbo,2013
Charlotte's Web,2006
Are We There Yet?,2005
Cheaper by the Dozen 2,2005
Bridge to Terabithia,2007
Eight Below,2006
Snow Dogs,2002
Jimmy Neutron: Boy Genius,2001
Fiddler on the Roof,1971
Zookeeper,2011
Nacho Libre,2006
Hannah Montana: The Movie,2009
Teenage Mutant Ninja Turtles II: The Secret of the Ooze,1991
Free Willy,1993
The Adventures of Tintin,2011
Parental Guidance,2012
Where the Wild Things Are,2009
Dolittle,2020
Alice Through the Looking Glass,2016
The Muppet Movie,1979
Father of the Bride Part II,1995
Fantasia,1940
Paddington,2014
Titanic,1997
Forrest Gump,1994
The Twilight Saga: Eclipse,2010
The Twilight Saga: New Moon,2009
The Twilight Saga: Breaking Dawn - Part 2,2012
The Twilight Saga: Breaking Dawn - Part 1,2011
Cast Away,2000
King Kong,2005
Ghost,1990
A Star Is Born,2018
Gone with the Wind,1939
Pearl Harbor,2001
Twilight,I 2008
Fifty Shades of Grey,2015
Robin Hood: Prince of Thieves,1991
Les Misérables,2012
The Great Gatsby,2013
Slumdog Millionaire,2008
Good Will Hunting,1997
An Officer and a Gentleman,1982
"Crouching Tiger, Hidden Dragon",2000
The Curious Case of Benjamin Button,2008
The Legend of Tarzan,2016
The Vow,2012
The Fault in Our Stars,2014
The Bodyguard,1992
Walk the Line,2005
You've Got Mail,1998
Big,1988
Fifty Shades Darker,2017
It's Complicated,2009
Doctor Zhivago,1965
Valentine's Day,I 2010
Trainwreck,2015
The 40-Year-Old Virgin,2005
Little Women,2019
Miss Congeniality,2000
Indecent Proposal,1993
Love Story,1970
How to Lose a Guy in 10 Days,2003
The Graduate,1967
Phenomenon,1996
Dick Tracy,1990
Just Go with It,2011
Vanilla Sky,2001
Fifty Shades Freed,2018
Shakespeare in Love,1998
Bad Teacher,2011
Passengers,I 2016
Date Night,2010
Yes Man,2008
Downton Abbey,2019
Legally Blonde,2001
Norbit,2007
Cold Mountain,2003
Arthur,1981
Sex and the City 2,2010
Flashdance,1983
Julie & Julia,2009
The Mask of Zorro,1998
Maid in Manhattan,2002
He's Just Not That Into You,2009
America's Sweethearts,2001
Two Weeks Notice,2002
When Harry Met Sally...,1989
Think Like a Man,2012
Back to School,1986
Save the Last Dance,2001
The Ugly Truth,2009
Failure to Launch,2006
Along Came Polly,2004
Entrapment,1999
Out of Africa,1985
The War of the Roses,1989
Tammy,2014
"Crazy, Stupid, Love.",2011
The Other Woman,2014
Up in the Air,I 2009
Steel Magnolias,1989
Immortals,2011
Brokeback Mountain,2005
Monster-in-Law,2005
Dracula,1992
While You Were Sleeping,1995
The Notebook,2004
Moonstruck,1987
Eat Pray Love,2010
What Happens in Vegas,2008
The Wedding Singer,1998
Footloose,1984
Dear John,I 2010
City of Angels,1998
The English Patient,1996
Cocktail,1988
The Terminal,2004
27 Dresses,2008
Romancing the Stone,1984
The Jewel of the Nile,1985
The Family Man,2000
"You, Me and Dupree",2006
The Last of the Mohicans,1992
The Horse Whisperer,1998
Six Days Seven Nights,1998
Yesterday,III 2019
My Fair Lady,1964
Bridget Jones's Diary,2001
The Bridges of Madison County,1995
Chocolat,2000
Sideways,2004
"I Love You, Man",2009
Safe Haven,I 2013
Groundhog Day,1993
Shallow Hal,2001
No Strings Attached,I 2011
Fool's Gold,I 2008
Grumpy Old Men,1993
Boomerang,1992
Grumpier Old Men,1995
Nine Months,1995
The Thomas Crown Affair,1999
Guess Who,2005
Witness,1985
Book Club,I 2018
Bring It On,2000
Obsessed,2009
This Is 40,2012
The Bounty Hunter,I 2010
The Secret of My Success,1987
The Mexican,2001
Legends of the Fall,1994
Warm Bodies,2013
The Parent Trap,1998
Big Fish,2003
Herbie Fully Loaded,2005
Ever After: A Cinderella Story,1998
Deuce Bigalow: Male Gigolo,1999
Step Up,2006
Wolf,1994
Pitch Perfect,2012
The American President,1995
Flushed Away,2006
17 Again,2009
Happy Feet Two,2011
Working Girl,1988
The Shape of Water,2017
In & Out,1997
Hope Springs,2012
Risky Business,1983
The Time Traveler's Wife,2009
She's All That,1999
Dave,1993
The Holiday,2006
Forgetting Sarah Marshall,2008
The Last Song,2010
The Crying Game,1992
The Adjustment Bureau,2011
Bewitched,2005
Splash,1984
Cinderella Man,2005
Stomp the Yard,2007
The Saint,1997
Coyote Ugly,2000
The Lucky One,2012
The Wedding Planner,2001
Scrooged,1988
Baby Mama,2008
The Family Stone,2005
Hope Floats,1998
My Girl,1991
Love Actually,2003
My Big Fat Greek Wedding 2,2016
Far and Away,1992
The Blue Lagoon,1980
Avatar,2009
Star Wars: Episode VIII - The Last Jedi,2017
Star Wars: The Rise Of Skywalker,2019
Star Wars: Episode I - The Phantom Menace,1999
Pirates of the Caribbean: Dead Man's Chest,2006
Wonder Woman,2017
Harry Potter and the Deathly Hallows: Part 2,2011
Star Wars: Episode III - Revenge of the Sith,2005
The Lord of the Rings: The Return of the King,2003
The Lord of the Rings: The Two Towers,2002
Aquaman,2018
Suicide Squad,2016
Star Wars,1977
The Lord of the Rings: The Fellowship of the Ring,2001
Star Wars: Episode II - Attack of the Clones,2002
Pirates of the Caribbean: At World's End,2007
Star Wars: Episode VI - Return of the Jedi,1983
Pirates of the Caribbean: The Curse of the Black Pearl,2003
The Hobbit: An Unexpected Journey,2012
Star Wars: Episode V - The Empire Strikes Back,1980
The Hobbit: The Desolation of Smaug,2013
The Hobbit: The Battle of the Five Armies,2014
Pirates of the Caribbean: On Stranger Tides,2011
Doctor Strange,2016
Justice League,2017
Hancock,2008
Shang-Chi and the Legend of the Ten Rings,2021
It Chapter Two,2019
Thor: The Dark World,2013
The Mummy Returns,2001
Thor,2011
Pirates of the Caribbean: Dead Men Tell No Tales,2017
Kong: Skull Island,2017
Eternals,2021
Clash of the Titans,2010
Batman Returns,1992
Snow White and the Huntsman,2012
The Mummy,1999
Fantastic Four,I 2005
The Green Mile,1999
Fantastic Four: Rise of the Silver Surfer,2007
Lara Croft: Tomb Raider,2001
Life of Pi,2012
Van Helsing,2004
Ghost Rider,2007
The Addams Family,1991
Ghostbusters II,1989
Godzilla: King of the Monsters,2019
Interview with the Vampire: The Vampire Chronicles,1994
The Mummy: Tomb of the Dragon Emperor,2008
Sleepy Hollow,1999
Sausage Party,2016
Michael,1996
"10,000 BC",2008
The Haunting,1999
The Scorpion King,2002
Prince of Persia: The Sands of Time,2010
Power Rangers,2017
Wrath of the Titans,2012
Beowulf,2007
The Mummy,2017
Goosebumps,2015
The Golden Child,1986
Dark Shadows,2012
Pixels,2015
Pete's Dragon,2016
Constantine,2005
The Haunted Mansion,2003
Hellboy II: The Golden Army,2008
Garfield,2004
Coraline,2009
Star Wars: Episode VII - The Force Awakens,2015
Avengers: Endgame,2019
Black Panther,2018
Avengers: Infinity War,2018
Jurassic World,2015
The Avengers,2012
The Dark Knight,2008
Rogue One: A Star Wars Story,2016
Avengers: Age of Ultron,2015
The Dark Knight Rises,2012
Captain Marvel,2019
The Hunger Games: Catching Fire,2013
Jurassic World: Fallen Kingdom,2018
Iron Man Three,2013
Captain America: Civil War,2016
The Hunger Games,2012
Spider-Man,2002
Jurassic Park,1993
Transformers: Revenge of the Fallen,2009
Spider-Man: Far from Home,2019
Spider-Man 2,2004
Furious 7,2015
Transformers: Dark of the Moon,2011
American Sniper,2014
The Hunger Games: Mockingjay - Part 1,2014
Spider-Man 3,2007
Spider-Man: Homecoming,2017
Batman v Superman: Dawn of Justice,2016
Transformers,2007
Iron Man,2008
Indiana Jones and the Kingdom of the Crystal Skull,2008
Iron Man 2,2010
Independence Day,1996
Skyfall,2012
Inception,2010
Man of Steel,2013
The Hunger Games: Mockingjay - Part 2,2015
The Matrix Reloaded,2003
Gravity,2013
The Amazing Spider-Man,2012
Captain America: The Winter Soldier,2014
Star Trek,2009
I Am Legend,2007
Batman,1989
Indiana Jones and the Raiders of the Lost Ark,1981
Transformers: Age of Extinction,2014
Twister,I 1996
Furious 6,2013
X-Men: The Last Stand,2006
War of the Worlds,2005
X-Men: Days of Future Past,2014
The Lost World: Jurassic Park,1997
Star Trek Into Darkness,2013
The Bourne Ultimatum,2007
Logan,2017
The Fate of the Furious,2017
Mission: Impossible - Fallout,2018
National Treasure: Book of Secrets,2007
Mission: Impossible II,2000
X2: X-Men United,2003
Solo: A Star Wars Story,2018
Venom,2018
Venom: Let There Be Carnage,2021
300,2006
Fast Five,2011
Mission: Impossible - Ghost Protocol,2011
Sherlock Holmes,2009
Dawn of the Planet of the Apes,2014
Batman Begins,2005
Terminator 2: Judgment Day,1991
The Amazing Spider-Man 2,2014
World War Z,2013
Armageddon,1998
Godzilla,2014
Superman Returns,2006
Spectre,I 2015
Indiana Jones and the Last Crusade,1989
Mission: Impossible - Rogue Nation,2015
Dunkirk,2017
Gladiator,2000
Sherlock Holmes: A Game of Shadows,2011
The Day After Tomorrow,2004
Batman Forever,1995
The Fugitive,1993
Black Widow,2021
The Revenant,2015
The Perfect Storm,2000
Jurassic Park III,2001
Mission: Impossible,1996
Planet of the Apes,2001
X-Men Origins: Wolverine,2009
Indiana Jones and the Temple of Doom,1984
Top Gun,1986
Rise of the Planet of the Apes,2011
Captain America: The First Avenger,2011
The Bourne Supremacy,2004
Fast & Furious Presents: Hobbs & Shaw,2019
F9: The Fast Saga,2021
National Treasure,2004
Air Force One,1997
TRON: Legacy,2010
The Matrix,1999
John Wick: Chapter 3 - Parabellum,2019
Quantum of Solace,2008
Casino Royale,2006
2012,I 2009
Jason Bourne,I 2016
Die Another Day,2002
No Time to Die,2021
1917,2019
Star Trek Beyond,2016
X-Men,2000
X-Men: Apocalypse,2016
San Andreas,2015
Fast & Furious,2009
Mad Max: Fury Road,2015
G.I. Joe: The Rise of Cobra,2009
Divergent,2014
Rambo: First Blood Part II,1985
Terminator 3: Rise of the Machines,2003
Lethal Weapon 2,1989
War for the Planet of the Apes,2017
X: First Class,2011
Taken,I 2008
"I, Robot",2004
Lethal Weapon 3,1992
The Fast and the Furious,2001
The Meg,2018
xXx,2002
Deep Impact,1998
Taken 2,2012
The Matrix Revolutions,2003
Ready Player One,2018
Ransom,1996
Godzilla,I 1998
Live Free or Die Hard,2007
The Incredible Hulk,2008
Wanted,2008
Superman,1978
The Rock,1996
Mission: Impossible III,2006
Angels & Demons,2009
The Wolverine,2013
Hulk,2003
Minority Report,2002
Lethal Weapon 4,1998
The Divergent Series: Insurgent,2015
Transformers: The Last Knight,2017
Bumblebee,I 2018
2 Fast 2 Furious,2003
The Greatest Showman,2017
Dreamgirls,2006
Rocketman,I 2019
The Nightmare Before Christmas,1993
Oliver & Company,1988
Fantasia 2000,1999
Anastasia,1997
Moulin Rouge!,2001
The Blues Brothers,1980
Annie,1982
Corpse Bride,2005
Sweeney Todd: The Demon Barber of Fleet Street,2007
"South Park: Bigger, Longer & Uncut",1999
Sleeping Beauty,1959
Hoodwinked!,2005
The Phantom of the Opera,2004
Muppets Most Wanted,2014
The Road to El Dorado,2000
The Book of Life,2014
Evita,1996
Popeye,1980
Isn't It Romantic,2019
An American Tail,1986
West Side Story,1961
Cabaret,1972
Burlesque,I 2010
Little Shop of Horrors,1986
The Great Mouse Detective,1986
Rock of Ages,2012
All That Jazz,1979
The AristoCats,1970
Robin Hood: Men in Tights,1993
A Goofy Movie,1995
Robin Hood,1973
History of the World: Part I,1981
White Christmas,1954
Rent,2005
James and the Giant Peach,1996
The Muppet Christmas Carol,1992
It,I 2017
The Exorcist,1973
A Quiet Place,2018
Get Out,I 2017
Us,II 2019
A Quiet Place Part II,2020
Halloween,I 2018
What Lies Beneath,2000
The Blair Witch Project,1999
Split,IX 2016
The Conjuring,2013
The Ring,2002
The Nun,2018
The Grudge,2004
Paranormal Activity,2007
Paranormal Activity 3,2011
Scream,1996
Jaws 2,1978
The Conjuring 2,2016
Annabelle: Creation,2017
Scream 2,1997
The Others,2001
Don't Breathe,2016
Scream 3,2000
Saw II,2005
The Amityville Horror,1979
Paranormal Activity 2,2010
Annabelle,I 2014
Insidious: Chapter 2,2013
Freddy vs. Jason,2003
Blade II,2002
The Texas Chainsaw Massacre,2003
Alien vs. Predator,2004
Saw III,2006
Cloverfield,2008
The Purge: Election Year,2016
Alien,1979
Poltergeist,1982
The Ring Two,2005
Zombieland,2009
The Exorcism of Emily Rose,2005
Alien: Covenant,2017
Annabelle Comes Home,2019
Hollow Man,2000
Zombieland: Double Tap,2019
I Know What You Did Last Summer,1997
10 Cloverfield Lane,2016
1408,2007
The Purge: Anarchy,2014
Mama,I 2013
The Invisible Man,I 2020
Blade,1998
The First Purge,2018
Insidious: The Last Key,2018
Lights Out,II 2016
End of Days,1999
The Final Destination,2009
Anaconda,1997
The Amityville Horror,2005
The Visit,I 2015
Friday the 13th,2009
The Purge,I 2013
The Witches of Eastwick,1987
Saw IV,2007
A Nightmare on Elm Street,2010
Scary Stories to Tell in the Dark,2019
Underworld: Awakening,2012
The Wolfman,2010
Flatliners,1990
The Cell,2000
Resident Evil: Afterlife,2010
Species,1995
Predator,1987
Gothika,2003
The Stepford Wives,2004
Dawn of the Dead,2004
Death Becomes Her,1992
Halloween,2007
Pet Sematary,1989
Escape Room,I 2019
Saw V,2008
White Noise,I 2005
Dracula Untold,2014
Saw,2004
Hansel & Gretel: Witch Hunters,2013
Happy Death Day,2017
Alien 3,1992
The Haunting in Connecticut,2009
The Shallows,2016
Halloween H20: 20 Years Later,1998
Spawn,1997
The Curse of La Llorona,2019
Pet Sematary,2019
The Omen,2006
The Woman in Black,2012
Evil Dead,2013
Final Destination 3,2006
Insidious,I 2010
Paranormal Activity 4,2012
Final Destination,2000
The Devil Inside,2012
Arachnophobia,1990
King Kong,1976
The Strangers,2008
Blade: Trinity,2004
Insidious: Chapter 3,2015
The Call,II 2013
My Bloody Valentine,2009
Resident Evil: Apocalypse,2004
Hide and Seek,2005
Ouija,II 2014
Resident Evil: Extinction,2007
Stigmata,1999
A Nightmare on Elm Street 4: The Dream Master,1988
The Possession,I 2012
Sinister,I 2012
When a Stranger Calls,2006
The Skeleton Key,2005
Alien: Resurrection,1997
Demon Slayer the Movie: Mugen Train,2020
Poltergeist,2015
Hostel,2005
Halloween,1978
Silent Hill,2006
Final Destination 2,2003
Boogeyman,2005
Saw: The Final Chapter,2010
Jaws 3-D,1983
Ma,I 2019
28 Days Later...,2002
A Nightmare on Elm Street 3: Dream Warriors,1987
The Forever Purge,2021
47 Meters Down,2017
Hereditary,2018
The Shining,1980
Prom Night,I 2008
The Unborn,2009
Krampus,I 2015
Final Destination 5,2011
Resident Evil: Retribution,2012
Drag Me to Hell,2009
The Cabin in the Woods,2011
Thir13en Ghosts,2001
Exorcist: The Beginning,2004
Aliens vs. Predator: Requiem,2007
The Hills Have Eyes,2006
Orphan,2009
Gremlins 2: The New Batch,1990
Truth or Dare,I 2018
The Last Exorcism,2010
Poltergeist II: The Other Side,1986
House on Haunted Hill,1999
The Fly,1986
Legion,2010
Resident Evil,2002
The Faculty,1998
A Haunted House,2013
I Still Know What You Did Last Summer,1998
Friday the 13th,1980
30 Days of Night,2007
The Texas Chainsaw Massacre: The Beginning,2006
Hocus Pocus,1993
Pitch Black,2000
The Grudge 2,2006
The Crazies,2010
Crawl,I 2019
Scream 4,2011
Urban Legend,1998
Jigsaw,I 2017
The Brothers Grimm,2005
Jeepers Creepers,2001
Red Riding Hood,2011
Abraham Lincoln: Vampire Hunter,2012
Friday the 13th Part III,1982
Vampires Suck,2010
The Boy,2016
The Mothman Prophecies,2002
Jeepers Creepers 2,2003
The Messengers,2007
Frankenweenie,2012
Carrie,2013
Ouija: Origin of Evil,2016
Freddy's Dead: The Final Nightmare,1991
Psycho II,1983
Texas Chainsaw,2013
The Relic,1997
Carrie,1976
Dreamcatcher,2003
Devil,2010
Halloween II,2009
Child's Play,1988
The Rite,2011
Dracula 2000,2000
Friday the 13th: The Final Chapter,1984
The Last House on the Left,2009
Annihilation,I 2018
Don't Breathe 2,2021
Darkness Falls,2003
Unfriended,2014
Paranormal Activity: The Marked Ones,2014
Bride of Chucky,1998
Anacondas: The Hunt for the Blood Orchid,2004
The Lost Boys,1987
The Lawnmower Man,1992
House of Wax,2005
Psycho,1960
Lake Placid,1999
Quarantine,2008
House at the End of the Street,2012
From Hell,2001
The Eye,2008
The Mortal Instruments: City of Bones,2013
Crimson Peak,2015
The Texas Chain Saw Massacre,1974
Mirrors,I 2008
Predator 2,1990
Open Water,2003
Deliver Us from Evil,I 2014
Slender Man,2018
An American Werewolf in London,1981
Halloween: Resurrection,2002
Underworld: Blood Wars,2016
Queen of the Damned,2002
Life,I 2017
Ghost Ship,2002
Daybreakers,2009
A Nightmare on Elm Street 2: Freddy's Revenge,1985
Lincoln,2012
Apollo 13,I 1995
Hidden Figures,2016
Straight Outta Compton,2015
The King's Speech,2010
Troy,2004
Seabiscuit,2003
The Patriot,2000
Black Hawk Down,2001
Robin Hood,2010
Public Enemies,2009
Schindler's List,1993
Zero Dark Thirty,2012
Valkyrie,2008
21,2008
War Horse,2011
We Were Soldiers,2002
The Monuments Men,2014
Braveheart,1995
Ben-Hur,1959
Bridge of Spies,2015
All the President's Men,1976
JFK,1991
World Trade Center,2006
The Big Short,2015
Cool Runnings,1993
Hacksaw Ridge,2016
Charlie Wilson's War,2007
Miracle,2004
Deepwater Horizon,2016
The Good Shepherd,2006
Secretariat,2010
Cleopatra,1963
Midway,2019
12 Years a Slave,2013
Tombstone,1993
Hero,2002
13 Hours,2016
Selma,2014
King Arthur,2004
A Bridge Too Far,1977
Red Tails,2012
Malcolm X,1992
Munich,2005
Kingdom of Heaven,2005
12 Strong,2018
First Man,2018
Amistad,1997
The Last Emperor,1987
Anna and the King,1999
The Longest Day,1962
Seven Years in Tibet,1997
Invictus,2009
Risen,2016
The Thin Red Line,1998
Changeling,2008
K-19: The Widowmaker,2002
The Killing Fields,1984
Mississippi Burning,1988
Thirteen Days,2000
The Favourite,2018
Alexander,2004
Flags of Our Fathers,2006
Woman in Gold,2015
Breach,2007
The 13th Warrior,1999
Patriots Day,2016
Rob Roy,1995
United 93,2006
"Good Night, and Good Luck.",2005
Elizabeth,1998
Spartacus,1960
Tora! Tora! Tora!,1970
Capote,2005
Defiance,I 2008
A Man for All Seasons,1966
The Finest Hours,2016
Glory,1989
The Other Boleyn Girl,2008
W.,I 2008
In the Heart of the Sea,2015
Quiz Show,1994
Jesus Christ Superstar,1973
Across the Universe,2007
Hotel Rwanda,2004
Caligula,1979
Pompeii,I 2014
The Lion in Winter,1968
Victoria & Abdul,2017
Empire of the Sun,1987
The Right Stuff,1983
Free State of Jones,2016
The Three Musketeers,2011
The Eagle,2011
The Impossible,2012
Frost/Nixon,2008
Operation Finale,2018
The Last King of Scotland,2006
The Zookeeper's Wife,2017
The Mission,1986
Detroit,2017
Mary Queen of Scots,2018
An American Haunting,2005
Elizabeth: The Golden Age,2007
Marie Antoinette,2006
Eddie the Eagle,2015
Hollywoodland,2006
The Messenger: The Story of Joan of Arc,1999
Les Misérables,1998
The Duchess,2008
Letters from Iwo Jima,2006
Nixon,1995
Flyboys,2006
The New World,2005
Battle of the Sexes,2017
The 33,2015
The Great Escape,1963
Foxcatcher,2014
Padmaavat,2018
The Conspirator,2010
Balto,1995
Bobby,I 2006
The Young Victoria,2009
Gettysburg,1993
Henry V,1989
Hotel Mumbai,2018
A Mighty Heart,2007
The Boy in the Striped Pajamas,2008
The Bounty,1984
The Lost City of Z,2016
Mandela: Long Walk to Freedom,2013
The Death of Stalin,2017
Taking Woodstock,2009
The Crucible,1996
1492: Conquest of Paradise,1992
The Name of the Rose,1986
Silence,I 2016
Curse of the Golden Flower,2006
Bajirao Mastani,2015
The Last Legion,2007
Gallipoli,1981
Mongol: The Rise of Genghis Khan,2007
Kundun,1997
Downfall,2004
The Counterfeiters,2007
Stan & Ollie,2018
Farewell My Concubine,1993
The Libertine,2004
True Story,I 2015
Suffragette,2015
"Lust, Caution",2007
Cold War,2018
Persepolis,2007
The Water Diviner,2014
Mr. Turner,2014
Ip Man 4: The Finale,2019
The Assassination of Jesse James by the Coward Robert Ford,2007
Jodhaa Akbar,2008
Anthropoid,2016
American Animals,2018
The Way Back,I 2010
Ip Man 3,2015
Raise the Red Lantern,1991
Pawn Sacrifice,2014
At Eternity's Gate,2018
The White Ribbon,2009
Shattered Glass,2003
Testament of Youth,2014
Che: Part One,2008
Professor Marston & the Wonder Women,2017
A Royal Affair,2012
Kon-Tiki,2012
Child 44,2015
Macbeth,I 2015
Joyeux Noel,2005
Goya's Ghosts,2006
The Assassination of Richard Nixon,2004
Sophie Scholl: The Final Days,2005
The Stanford Prison Experiment,2015
Red Cliff,2008
Agora,2009
The Baader Meinhof Complex,2008
Land of Mine,2015
Compliance,2012
Ip Man 2,2010
Serena,I 2014
The Warlords,2007
Centurion,2010
Dances with Wolves,1990
True Grit,2010
Django Unchained,2012
Wild Wild West,1999
Butch Cassidy and the Sundance Kid,1969
Maverick,1994
Unforgiven,1992
Cowboys & Aliens,2011
The Magnificent Seven,2016
The Lone Ranger,2013
Back to the Future Part III,1990
Spirit: Stallion of the Cimarron,2002
Hidalgo,2004
Open Range,2003
Shanghai Noon,2000
The Hateful Eight,2015
3:10 to Yuma,2007
The Dark Tower,2017
Australia,2008
Jeremiah Johnson,1972
The Legend of Zorro,2005
Young Guns,1988
Young Guns II,1990
A Million Ways to Die in the West,2014
Pale Rider,1985
Three Amigos!,1986
The Longest Ride,2015
Wind River,2017
Silverado,1985
The Outlaw Josey Wales,1976
Little Big Man,1970
True Grit,1969
Hostiles,2017
The Missing,I 2003
Hell or High Water,II 2016
Desperado,1995
Wyatt Earp,1994
Around the World in 80 Days,2004
An American Tail: Fievel Goes West,1991
Appaloosa,2008
The Passion of the Christ,2004
Joker,I 2019
The Sixth Sense,1999
The Blind Side,2009
The Martian,2015
Signs,2002
Saving Private Ryan,1998
Bohemian Rhapsody,2018
Interstellar,2014
Rain Man,1988
A Beautiful Mind,2001
The Help,2011
Gone Girl,2014
Hannibal,2001
Catch Me If You Can,2002
The Pursuit of Happyness,2006
The Firm,1993
Fatal Attraction,1987
American Hustle,2013
Gran Torino,2008
A Few Good Men,1992
Platoon,1986
Argo,2012
The Godfather,1972
The Departed,2006
Close Encounters of the Third Kind,1977
The Silence of the Lambs,1991
American Gangster,2007
American Beauty,1999
Rocky IV,1985
Erin Brockovich,2000
Lone Survivor,2013
Sully,2016
Rocky III,1982
Traffic,2000
Clear and Present Danger,1994
Inglourious Basterds,2009
On Golden Pond,1981
The Sum of All Fears,2002
Basic Instinct,1992
Ford v Ferrari,2019
Rocky,1976
Double Jeopardy,1999
8 Mile,2002
The Butler,I 2013
The Towering Inferno,1974
Creed II,2018
Remember the Titans,2000
Unbroken,I 2014
Girls Trip,2017
American Graffiti,1973
The Village,2004
Magic Mike,2012
One Flew Over the Cuckoo's Nest,1975
The Last Samurai,2003
Glass,2019
Creed,II 2015
A Time to Kill,1996
Terms of Endearment,1983
The Upside,2017
Pulp Fiction,1994
Baby Driver,2017
A League of Their Own,1992
Watchmen,2009
Captain Phillips,2013
Black Swan,2010
Driving Miss Daisy,1989
300: Rise of an Empire,2014
Kramer vs. Kramer,1979
Hustlers,2019
Road to Perdition,2002
The Mule,2018
Murder on the Orient Express,2017
The General's Daughter,1999
The Aviator,2004
The Girl with the Dragon Tattoo,2011
In the Line of Fire,1993
Sleeping with the Enemy,1991
Noah,2014
Collateral,2004
Contact,1997
The Pelican Brief,1993
Arrival,II 2016
Due Date,2010
Million Dollar Baby,2004
Se7en,1995
Parenthood,1989
The Color Purple,1985
The Social Network,2010
Panic Room,2002
Dead Poets Society,1989
Captain Underpants: The First Epic Movie,2017
Monster House,2006
Barnyard,2006
Storks,2016
The Rescuers,1977
The Smurfs 2,2013
Spies in Disguise,2019
Stuart Little 2,2002
The Nut Job,I 2014
Ice Age: Collision Course,2016
The Fox and the Hound,1981
Beavis and Butt-Head Do America,1996
Onward,I 2020
Abominable,2019
The Lego Ninjago Movie,2017
Surf's Up,2007
The Croods: A New Age,2020
Escape from Planet Earth,2012
Wallace & Gromit: The Curse of the Were-Rabbit,2005
ParaNorman,2012
Legend of the Guardians: The Owls of Ga'Hoole,2010
Dora and the Lost City of Gold,2019
TMNT,2007
The Tale of Despereaux,2008
The Boxtrolls,2014
The Land Before Time,1988
Kubo and the Two Strings,2016
Arthur Christmas,2011
Planet 51,2009
The Angry Birds Movie 2,2019
Treasure Planet,2002
The Wild,2006
Star Wars: The Clone Wars,2008
Final Fantasy: The Spirits Within,2001
Isle of Dogs,2018
9,I 2009
The Pirates! Band of Misfits,2012
Dragon Ball Super: Broly,2018
Garfield: A Tail of Two Kitties,2006
The Ant Bully,2006
The Rescuers Down Under,1990
All Dogs Go to Heaven,1989
Sinbad: Legend of the Seven Seas,2003
FernGully: The Last Rainforest,1992
The Iron Giant,1999
Titan A.E.,2000
The Sword in the Stone,1963
The Black Cauldron,1985
Fantastic Mr. Fox,2009
Looney Tunes: Back in Action,2003
Astro Boy,2009
Shaun the Sheep Movie,2015
The Secret World of Arrietty,2010
Bedknobs and Broomsticks,1971
DuckTales the Movie: Treasure of the Lost Lamp,1990
Missing Link,2019
Arthur and the Invisibles,2006
Ponyo,2008
Osmosis Jones,2001
The Secret of NIMH,1982
Spirited Away,2001
Weathering with You,2019
The Triplets of Belleville,2003
Loving Vincent,2017
The Last Unicorn,1982
The Transformers: The Movie,1986
Batman: Mask of the Phantasm,1993
A Scanner Darkly,2006
The Wind Rises,2013
Your Name.,2016
Howl's Moving Castle,2004
Batman: The Killing Joke,2016
Anomalisa,2015
Waking Life,2001
Dragon Ball Z: Battle of Gods,2013
Princess Mononoke,1997
The Illusionist,2010
Dumbo,1941
Jaws,1975
Pitch Perfect 3,2017
Saturday Night Fever,1977
Green Book,2018
Mr. Holland's Opus,1995
School of Rock,2003
Ray,I 2004
Magic Mike XXL,2015
Get Him to the Greek,2010
Step Up 2: The Streets,2008
Shall We Dance,2004
Sister Act 2: Back in the Habit,1993
Beaches,1988
Drumline,2002
Be Cool,2005
La Bamba,1987
Amadeus,1984
Footloose,2011
Music and Lyrics,2007
If I Stay,2014
Wayne's World 2,1993
Jersey Boys,2014
"O Brother, Where Art Thou?",2000
Up in Smoke,1978
The Lizzie McGuire Movie,2003
Step Up,2010
Bill & Ted's Excellent Adventure,1989
The Piano,1993
You Got Served,2004
Crazy Heart,2009
Bill & Ted's Bogus Journey,1991
Notorious,2009
Shine,1996
Selena,1997
The Doors,1991
Step Up Revolution,2012
Take the Lead,2006
The Pianist,2002
Almost Famous,2000
The Soloist,2009
August Rush,2007
Nick and Norah's Infinite Playlist,2008
Get Rich or Die Tryin',2005
A Night at the Roxbury,1998
Honey,2003
Spice World,1997
Confessions of a Teenage Drama Queen,2004
Florence Foster Jenkins,2016
High Fidelity,2000
That Thing You Do!,1996
Captain Corelli's Mandolin,2001
Some Like It Hot,1959
Pink Floyd: The Wall,1982
Hustle & Flow,2005
Billy Elliot,2000
Top Secret!,1984
Singles,1992
Walk Hard: The Dewey Cox Story,2007
A Mighty Wind,2003
Rock Star,2001
To Rome with Love,2012
54,1998
Begin Again,II 2013
The Commitments,1991
Step Up All In,2014
Nashville,1975
Dirty Dancing: Havana Nights,2004
Blues Brothers 2000,1998
Inside Llewyn Davis,2013
Whiplash,2014
Love & Mercy,2014
Strictly Ballroom,1992
Pump Up the Volume,1990
"The Adventures of Priscilla, Queen of the Desert",1994
The Red Shoes,1948
Raise Your Voice,2004
La Vie En Rose,2007
The Red Violin,1998
Once,I 2007
Black Snake Moan,2006
Tenacious D in the Pick of Destiny,2006
The Boat That Rocked,2009
The Rocker,2008
Gully Boy,2019
Airheads,1994
Danny Collins,2015
This Is Spinal Tap,1984
Detroit Rock City,1999
Sweet and Lowdown,1999
I'm Not There,2007
The Chorus,2004
We Are Your Friends,2015
The Runaways,2010
Sing Street,2016
Green Room,2015
Hedwig and the Angry Inch,2001
Sid and Nancy,1986
Youth,I 2015
A Night at the Opera,1935
Rab Ne Bana Di Jodi,2008
The Double Life of Véronique,1991
A Bigger Splash,2015
Coffee and Cigarettes,2003
Super 8,2011
Lucy,I 2014
Prometheus,I 2012
Terminator Salvation,2009
G.I. Joe: Retaliation,2013
Total Recall,1990
Green Lantern,2011
District 9,2009
Face/Off,1997
Star Trek IV: The Voyage Home,1986
Superman II,1980
Batman & Robin,1997
Independence Day: Resurgence,2016
The Maze Runner,2014
Pacific Rim,2013
Rampage,2018
Godzilla vs. Kong,2021
Edge of Tomorrow,2014
Unbreakable,2000
Elysium,I 2013
Blade Runner 2049,2017
Star Trek: First Contact,1996
Terminator Genisys,2015
Oblivion,I 2013
Waterworld,1995
Alita: Battle Angel,2019
Real Steel,2011
Aliens,1986
The X Files,1998
Battle Los Angeles,2011
Star Trek: The Motion Picture,1979
Teenage Mutant Ninja Turtles: Out of the Shadows,2016
Maze Runner: The Scorch Trials,2015
Congo,1995
Jumper,2008
Men in Black: International,2019
Knowing,2009
WarGames,1983
The Day the Earth Stood Still,2008
Limitless,I 2011
Star Trek II: The Wrath of Khan,1982
A.I. Artificial Intelligence,2001
Star Trek III: The Search for Spock,1984
Cocoon,1985
Star Trek: Generations,1994
Star Trek VI: The Undiscovered Country,1991
Deep Blue Sea,1999
John Carter,2012
Ocean's Eleven,2001
Ocean's Twelve,2004
Now You See Me,I 2013
Ocean's Thirteen,2007
S.W.A.T.,2003
The Hangover Part III,2013
Twins,1988
Fun with Dick and Jane,2005
Ace Ventura: When Nature Calls,1995
Analyze This,1999
The Italian Job,2003
Daredevil,2003
The Equalizer 2,2018
Gone in 60 Seconds,2000
The Equalizer,2014
Stir Crazy,1980
Eraser,1996
Con Air,1997
Charlie's Angels: Full Throttle,2003
Kingsman: The Golden Circle,2017
The Green Hornet,2011
Red Dragon,2002
The Town,2010
The Client,1994
John Wick: Chapter 2,2017
Kindergarten Cop,1990
Ride Along 2,2016
Get Hard,2015
RED,2010
Mystic River,2003
Taken 3,2014
Inside Man,2006
Starsky & Hutch,2004
Pineapple Express,2008
The Naked Gun 2½: The Smell of Fear,1991
Birds of Prey,2020
Let's Be Cops,2014
The Pink Panther,2006
Payback,I 1999
The Talented Mr. Ripley,1999
Another 48 Hrs.,1990
Disturbia,2007
Cape Fear,1991
48 Hrs.,1982
The Naked Gun: From the Files of Police Squad!,1988
Tower Heist,2011
Man on Fire,2004
Backdraft,1991
Gangs of New York,2002
Training Day,2001
The Untouchables,1987
2 Guns,2013
The Hitman's Bodyguard,2017
The Girl on the Train,2016
Four Brothers,2005
No Country for Old Men,2007
Sin City,2005
Law Abiding Citizen,2009
The Interpreter,2005
Vantage Point,2008
Get Shorty,1995
John Q,2002
Ruthless People,1986
Turner & Hooch,1989
The Score,2001
Paul Blart: Mall Cop 2,2015
White Chicks,2004
Shaft,2000
Big Momma's House 2,2006
Kill Bill: Vol. 1,2003
Swordfish,2001
Game Night,I 2018
Blue Streak,1999
Sudden Impact,1983
A Perfect Murder,1998
Heat,1995
Kangaroo Jack,2003
The Godfather: Part III,1990
Contraband,2012
The Bone Collector,1999
Kill Bill: Vol. 2,2004
Bad Boys,1995
Stakeout,1987
The Taking of Pelham 1 2 3,2009
Lethal Weapon,1987
Now You See Me 2,2016
L.A. Confidential,1997
Deja Vu,2006
Life,I 1999
A Fish Called Wanda,1988
Miami Vice,2006
Tango & Cash,1989
Rising Sun,1993
Black Mass,2015
The Fast and the Furious: Tokyo Drift,2006
Prisoners,2013
Kiss the Girls,1997
Burn After Reading,2008
Bad Santa,2003
The Last Boy Scout,1991
The Grand Budapest Hotel,2014
Jack Reacher: Never Go Back,2016
Little Man,III 2006
RoboCop,2014
Sea of Love,1989
Baywatch,2017
The Lincoln Lawyer,2011
Throw Momma from the Train,1987
Takers,2010
Boyz n the Hood,1991
Dragnet,1987
The Godfather: Part II,1974
The Whole Nine Yards,2000
U.S. Marshals,1998
Once Upon a Time in Mexico,2003
Primal Fear,1996
Romeo Must Die,2000
Snake Eyes,1998
The Jackal,1997
Crash,I 2004
"Three Billboards Outside Ebbing, Missouri",2017
Horrible Bosses 2,2014
Focus,II 2015
A Simple Favor,2018
RoboCop,1987
Papillon,1973
RED 2,2013
Blow,2001
My Cousin Vinny,1992
Southpaw,2015
Exit Wounds,2001
Sneakers,1992
The Da Vinci Code,2006
Shutter Island,2010
The Bourne Identity,2002
Eagle Eye,2008
Non-Stop,2014
Flightplan,2005
Presumed Innocent,1990
Apocalypse Now,1979
Jack Reacher,2012
Conspiracy Theory,1997
Hugo,2011
The House with a Clock in Its Walls,2018
Holes,2003
Insomnia,2002
The Forgotten,2004
Allegiant,2016
The Manchurian Candidate,2004
Unknown,I 2011
The Devil's Advocate,1997
Courage Under Fire,1996
Without a Paddle,2004
12 Monkeys,1995
Eyes Wide Shut,1999
Don't Say a Word,2001
Source Code,2011
The Abyss,1989
Paycheck,2003
The Prestige,2006
Identity,2003
Atonement,2007
The Net,I 1995
Fletch,1985
K-PAX,2001
Ad Astra,2019
Breakdown,I 1997
Sicario: Day of the Soldado,2018
Michael Clayton,2007
The Game,1997
Secret Window,2004
Premonition,I 2007
Sicario,2015
"Dude, Where's My Car?",2000
Frequency,2000
The Negotiator,1998
The Gift,VI 2015
Edge of Darkness,2010
Lady in the Water,2006
The Return of the Pink Panther,1975
High Crimes,2002
Three Days of the Condor,1975
Gosford Park,2001
Money Monster,2016
Out of Time,I 2003
2010: The Year We Make Contact,1984
Righteous Kill,2008
The Illusionist,2006
Dead Again,1991
The Dead Pool,1988
Sky Captain and the World of Tomorrow,2004
Sphere,1998
State of Play,2009
Just Cause,1995
Rear Window,1954
8MM,1999
The 'Burbs,1989
The Commuter,I 2018
The Pink Panther 2,2009
No Way Out,1987
The Number 23,2007
The World Is Not Enough,1999
Safe House,2012
Tomorrow Never Dies,1997
The Hunt for Red October,1990
Speed,1994
Salt,2010
Die Hard 2,1990
The Bourne Legacy,2012
Enemy of the State,1998
GoldenEye,1995
The Expendables,2010
Die Hard with a Vengeance,1995
Olympus Has Fallen,2013
The Book of Eli,2010
Flight,I 2012
Crimson Tide,1995
The Imitation Game,2014
Space Cowboys,2000
The Hand that Rocks the Cradle,1992
The Accountant,2016
The Expendables 2,2012
The Poseidon Adventure,1972
Cliffhanger,1993
Under Siege,1992
Patriot Games,1992
Disclosure,1994
Die Hard,1988
Unstoppable,2010
Dodgeball: A True Underdog Story,2004
42,2013
The Fighter,I 2010
Days of Thunder,1990
White Men Can't Jump,1992
Moneyball,2011
The Rookie,2002
Any Given Sunday,1999
The Cannonball Run,1981
Rocky Balboa,2006
Coach Carter,2005
Field of Dreams,1989
Friday Night Lights,2004
Tooth Fairy,I 2010
The Benchwarmers,2006
Chariots of Fire,1981
Ali,2001
Invincible,2006
Tin Cup,1996
Rookie of the Year,1993
Varsity Blues,1999
Kicking & Screaming,2005
The Color of Money,1986
Radio,2003
Bull Durham,1988
The Mighty Ducks,1992
The Hurricane,1999
Angels in the Outfield,1994
Major League,1989
The Natural,1984
D2: The Mighty Ducks,1994
Here Comes the Boom,2012
The Replacements,2000
"McFarland, USA",2015
Speed Racer,2008
Soul Surfer,2011
We Are Marshall,2006
Glory Road,2006
Fever Pitch,2005
Rocky V,1990
Blue Crush,2002
Hardball,2001
Caddyshack,1980
The Karate Kid Part III,1989
Happy Gilmore,1996
Gridiron Gang,2006
Million Dollar Arm,2014
Trouble with the Curve,2012
The Ringer,2005
For Love of the Game,1999
Concussion,2015
Semi-Pro,2008
Balls of Fury,2007
Driven,2001
Bend It Like Beckham,2002
The Sandlot,1993
The Love Guru,2008
Leatherheads,2008
The Legend of Bagger Vance,2000
Major League II,1994
"I, Tonya",2017
Grudge Match,2013
Draft Day,I 2014
Point Break,2015
Hoosiers,1986
Slap Shot,1977
Rush,I 2013
Stick It,2006
The Wrestler,2008
Mr. Woodcock,2007
The Art of Racing in the Rain,2019
Kingpin,1996
Never Back Down,2008
Ice Princess,2005
Lionheart,1990
Raging Bull,1980
Fighting,2009
Fighting with My Family,2019
D3: The Mighty Ducks,1996
Two for the Money,2005
Rudy,1993
He Got Game,1998
Little Giants,1994
Race,I 2016
Rollerball,2002
The Fan,1996
Heavyweights,1995
Fired Up!,2009
Wimbledon,2004
Over the Top,1987
The Greatest Game Ever Played,2005
Kickboxer,1989
Borg vs. McEnroe,2017
Hot Rod,2007
Warrior,2011
Playing for Keeps,2012
Whip It,2009
Undisputed,2002
Dangal,2016
Bloodsport,1988
Lords of Dogtown,2005
Victory,1981
Win Win,2011
The Next Karate Kid,1994
"Mystery, Alaska",1999
Dangerous Minds,1995
Saving Mr. Banks,2013
Born on the Fourth of July,1989
Jarhead,2005
A Beautiful Day in the Neighborhood,2019
Patton,1970
Darkest Hour,2017
Joy,I 2015
The Queen,2006
Gandhi,1982
Awakenings,1990
Lion,2016
Finding Neverland,2004
Dog Day Afternoon,1975
BlacKkKlansman,2018
Bugsy,1991
Men of Honor,2000
Mask,1985
Vice,I 2018
Goodfellas,1990
Spotlight,I 2015
Lawrence of Arabia,1962
Everest,2015
War Dogs,2016
Escape from Alcatraz,1979
Donnie Brasco,1997
Private Parts,1997
Wild,I 2014
Philomena,2013
Lawless,2012
J. Edgar,2011
Alive,1993
Freedom Writers,2007
The 15:17 to Paris,2018
The Theory of Everything,2014
Dragon: The Bruce Lee Story,1993
Midnight Express,1978
Man on the Moon,1999
Monster,2003
The Informant!,2009
October Sky,1999
Milk,I 2008
Adrift,I 2018
The Great Debaters,2007
Riding in Cars with Boys,2001
The Iron Lady,2011
Serpico,1973
A Walk in the Woods,2015
The Insider,1999
"Girl, Interrupted",1999
Molly's Game,2017
Dallas Buyers Club,2013
Frida,2002
All the Money in the World,2017
In the Name of the Father,1993
Gorillas in the Mist,1988
Fearless,2006
On the Basis of Sex,2018
Whiskey Tango Foxtrot,2016
The Postman,1994
Snowden,2016
The King and I,1956
The Disaster Artist,2017
Antwone Fisher,2002
The People vs. Larry Flynt,1996
Becoming Jane,2007
Into the Wild,2007
Only the Brave,2017
127 Hours,2010
Steve Jobs,2015
Masterminds,I 2016
The Glass Castle,2017
The Motorcycle Diaries,2004
Jobs,2013
Fruitvale Station,2013
Confessions of a Dangerous Mind,2002
The Infiltrator,2016
Alpha Dog,2006
My Left Foot,1989
My Week with Marilyn,2011
Big Eyes,I 2014
Jackie,V 2016
The Intouchables,2011
The Founder,2016
Girl with a Pearl Earring,2003
Boys Don't Cry,1999
The Old Man & the Gun,2018
The Danish Girl,2015
Michael Collins,1996
Belle,2013
Kinsey,2004
Domino,2005
The Walk,II 2015
The Lady in the Van,2015
Fair Game,I 2010
Chaplin,1992
Bernie,2011
Can You Ever Forgive Me?,2018
Pollock,2000
Sanju,2018
Trumbo,2015
Loving,2016
Beautiful Boy,I 2018
Searching for Bobby Fischer,1993
Tropic Thunder,2008
Master and Commander: The Far Side of the World,2003
Fury,2014
Stripes,1981
MASH,1970
U-571,2000
Act of Valor,2012
Private Benjamin,1980
Rules of Engagement,2000
Three Kings,1999
Behind Enemy Lines,2001
Life Is Beautiful,1997
Enemy at the Gates,2001
The Deer Hunter,1978
G.I. Jane,1997
Full Metal Jacket,1987
The Dirty Dozen,1967
The Bridge on the River Kwai,1957
Tears of the Sun,2003
Heartbreak Ridge,1986
Max,I 2015
Windtalkers,2002
Allied,2016
Red Dawn,1984
Pan's Labyrinth,2006
Green Zone,2010
The Men Who Stare at Goats,2009
1941,1979
Air America,1990
From Here to Eternity,1953
Nanny McPhee Returns,2010
The Guns of Navarone,1961
Brothers,I 2009
Hannibal Rising,2007
Memphis Belle,1990
The Best Years of Our Lives,1946
The Caine Mutiny,1954
Overlord,2018
The Book Thief,2013
Timeline,2003
Hart's War,2002
Eye in the Sky,2015
Casualties of War,1989
The Four Feathers,2002
The Hurt Locker,2008
Hair,1979
Lions for Lambs,2007
Tristan + Isolde,2006
Hamburger Hill,1987
The Quiet American,2002
Two Mules for Sister Sara,1970
The Boat,1981
The Beguiled,2017
Pathfinder,2007
Incendies,2010
The Grandmaster,2013
A Very Long Engagement,2004
Rescue Dawn,2006
"Goodbye, Children",1987
Tolkien,2019
In the Name of the King: A Dungeon Siege Tale,2007
The Railway Man,2013
Beyond Borders,2003
Black Book,2006
Uri: The Surgical Strike,2019
Ran,1985
Malena,2000
All Quiet on the Western Front,1930
The Wind that Shakes the Barley,2006
The Wall,II 2017
Son of Saul,2015
Kelly's Heroes,1970
'71,2014
Tae Guk Gi: The Brotherhood of War,2004
No Man's Land,I 2001
The General,1926
Casablanca,1942
The Hunting Party,2007
Last Flag Flying,2017
Coriolanus,2011
"Duck, You Sucker!",1971
The African Queen,1951
Seraphim Falls,2006
Official Secrets,2019
Jojo Rabbit,2019
Green Street Hooligans,2005
In the Land of Blood and Honey,2011
The Great Dictator,1940
Dr. Strangelove or: How I Learned to Stop Worrying and Love the Bomb,1964
The Grand Illusion,1937
Underground,1995
Tangerines,2013
Tigerland,2000
Beasts of No Nation,2015
